season,numWins,numTot,winFrac,fracShows
1,32,113,0.2831858407079646,0.0
2,26,99,0.26262626262626265,12.06030150753769
3,16,78,0.20512820512820512,10.552763819095478
4,5,59,0.0847457627118644,7.035175879396985
5,4,44,0.09090909090909091,10.552763819095478
6,1,28,0.03571428571428571,14.57286432160804
7,1,13,0.07692307692307693,10.050251256281408
8,0,9,0.0,11.557788944723619
9,1,8,0.125,8.040201005025125
10,1,4,0.25,3.5175879396984926
11,1,4,0.25,4.0201005025125625
